Workout,Body Weight (lbs),Date,Exercises,Rating
Pull Day 1,161.4,"July 14, 2024 5:35 AM (EDT)","RG Lat Pulldown (https://www.notion.so/RG-Lat-Pulldown-2ba84509a298433cbdc38837b97c4470?pvs=21), CG Seated Cable Row (https://www.notion.so/CG-Seated-Cable-Row-bdc693242b334b878aaa4ba93557d732?pvs=21), Upright Row (https://www.notion.so/Upright-Row-f7859ba9b2a245ef86bc1170721af33b?pvs=21), DB High Pull (https://www.notion.so/DB-High-Pull-ae8c2254bc164baead3dd5c048499ecd?pvs=21)",7
Arm Day 1,162.2,"July 15, 2024 4:00 PM (EDT)","DB Hammer Curl (https://www.notion.so/DB-Hammer-Curl-06c131cde206419e9a9b806a9a653b48?pvs=21), EZ Curl (https://www.notion.so/EZ-Curl-ee602542fbba474a99063e248b89c233?pvs=21), WG Seated Cable Row (https://www.notion.so/WG-Seated-Cable-Row-b98e51700d804a7fb7e3c1b1ecb2266d?pvs=21), SB Cable Bicep Curl (2x-9) (https://www.notion.so/SB-Cable-Bicep-Curl-2x-9-1e2cf79a4bc240f58efb34b645f16efa?pvs=21)",6
Leg Day 1,162.8,"July 19, 2024 5:00 PM (EDT)","Sled Press (https://www.notion.so/Sled-Press-f96ed558e9834202b4f31606b881ee2a?pvs=21), Machine Hip Thrust (https://www.notion.so/Machine-Hip-Thrust-0706f9b326034152812509e2a6d4648a?pvs=21), SM HR Squat (https://www.notion.so/SM-HR-Squat-3b8893e9bae642f9994fc7a64a2754f4?pvs=21)",7
"Push Day 1 ",162.7,"July 17, 2024 4:30 PM (EDT)","SM Bench Press (https://www.notion.so/SM-Bench-Press-afaac82ff0d6466fb61cc143590a26df?pvs=21), Military Press (https://www.notion.so/Military-Press-da34f58b476040d29e3a83b24160cdd7?pvs=21), Machine Tricep Extension(2x-9) (https://www.notion.so/Machine-Tricep-Extension-2x-9-a880e7dc533d4be9b6e214ece89c9760?pvs=21), Cable Decline Fly (https://www.notion.so/Cable-Decline-Fly-8fb17365a2934e7fa98f54e355e9fd4e?pvs=21)",7
Push Day 2,162,"July 21, 2024 12:30 PM (EDT)","Bench Press (https://www.notion.so/Bench-Press-e4e779e6892f4bfeb614d421019b4ea2?pvs=21), Machine Shoulder Press (https://www.notion.so/Machine-Shoulder-Press-fed1fd692b354d4e8b4b2c3c1fa810aa?pvs=21), Machine Pec Fly (1x-20) (https://www.notion.so/Machine-Pec-Fly-1x-20-a755129ee444414d82f780b480594a18?pvs=21)",6
Pull Day 2,163,"July 22, 2024 5:00 PM (EDT)","WG Lat Pulldown (https://www.notion.so/WG-Lat-Pulldown-0753ae1ac5474a53a41e9db218861042?pvs=21), NG Lat Pulldown (https://www.notion.so/NG-Lat-Pulldown-f483800746ec46c59cf87b39f391cf77?pvs=21)",4
Arm Day 2,163,"July 24, 2024 1:00 PM (EDT)","Upright Row (https://www.notion.so/Upright-Row-51264b6fab574935bd470371951b0a98?pvs=21), DB High Pull (https://www.notion.so/DB-High-Pull-c07d2a7eb906413b929d2238492f9d8d?pvs=21), SB Tricep Pushdown(F) (https://www.notion.so/SB-Tricep-Pushdown-F-40614e9f249c4f46a3ed2fbeebfc2e40?pvs=21), SB Cable Bicep Curl(F) (https://www.notion.so/SB-Cable-Bicep-Curl-F-1bb86c37fbf24cf39d94fde126bba269?pvs=21), Weighted Dips (https://www.notion.so/Weighted-Dips-8b69137079ab484895cf94364618eee3?pvs=21), Face Pulls (https://www.notion.so/Face-Pulls-67c44d7e766d425eafff7e6c7992b237?pvs=21)",8
Leg Day 2,163,"July 26, 2024 4:30 PM (EDT)","Hack Squat (https://www.notion.so/Hack-Squat-b41d83f47d0140bc8eb8d1896a1549ac?pvs=21), DB RDL (https://www.notion.so/DB-RDL-38ccb24030bc414a8518bb875d0847ff?pvs=21), Good Morning (https://www.notion.so/Good-Morning-a7df7ee61ef848399e5e8c9a33575ee7?pvs=21), Leg Extension(3x-20) (https://www.notion.so/Leg-Extension-3x-20-cb7572459ab64ba89f3f689d23a09e1f?pvs=21), Leg Press(F) (https://www.notion.so/Leg-Press-F-e00fbb50a0214c53bbe218c3cef0219d?pvs=21)",8
Push Day 3,162.8,"July 29, 2024 3:30 PM (EDT)","Machine Press (https://www.notion.so/Machine-Press-42fd9bd17aab4a93afe8dd0be7acd127?pvs=21), DB Shoulder Press (https://www.notion.so/DB-Shoulder-Press-f275e788f0ae4f9d975ba1f81c82f4d8?pvs=21), Incline DB Chest Fly (https://www.notion.so/Incline-DB-Chest-Fly-b92ef65d07014c83a353e7039f086136?pvs=21), DB Rear Delt Fly (https://www.notion.so/DB-Rear-Delt-Fly-4267926d109a43e486b2fc1467474ff0?pvs=21), DB Lateral Raise (https://www.notion.so/DB-Lateral-Raise-95185f91597c462abafe7566effd727e?pvs=21)",8
Pull Day 3,163.8,"July 30, 2024 4:30 PM (EDT)","WG Seated Machine Row (https://www.notion.so/WG-Seated-Machine-Row-ad75d0b746b04771b908be67380e4cca?pvs=21), Gorilla Row (https://www.notion.so/Gorilla-Row-e6299532135d426dbfeff60d327b709b?pvs=21), RG Lat Pulldown (https://www.notion.so/RG-Lat-Pulldown-2edce12324e14a4289628bc8c276675a?pvs=21), CG Lat Pulldown (https://www.notion.so/CG-Lat-Pulldown-cf975fe2955d4e809656e5f58700290f?pvs=21), WG Lat Pulldown (https://www.notion.so/WG-Lat-Pulldown-f57ffe9d1bd64b2581ccf66d3446269b?pvs=21)",7
Arm Day 3,166,"August 1, 2024 6:00 AM (EDT)","Skullcrushers (https://www.notion.so/Skullcrushers-d6fbb7bbd3444a83b034679eab5d3a1d?pvs=21), EZ Curl (https://www.notion.so/EZ-Curl-320e341fdaf7447f8505234bc69f700a?pvs=21), DB Hammer Curl (https://www.notion.so/DB-Hammer-Curl-409baf2e2c454e15b2d8d592ac44f992?pvs=21), Weighted Dips (https://www.notion.so/Weighted-Dips-76d995ef203c4f3fbe44a81f675ce924?pvs=21), Incline DB Curl (https://www.notion.so/Incline-DB-Curl-4afd3b9e97b54a08a435bad8ce795791?pvs=21), Standing DB Curl (https://www.notion.so/Standing-DB-Curl-593fe3a0da7d4eea88990b3f9ef542b5?pvs=21), Machine Lateral Raise(3x-13) (https://www.notion.so/Machine-Lateral-Raise-3x-13-e0c9d092eaee42588f4b36e63ce42a78?pvs=21)",7
Leg Day 3,165.8,"August 2, 2024 5:00 PM (EDT)","Barbell RDL (https://www.notion.so/Barbell-RDL-2e5a1c5e6fdf439697f8026c81daa41d?pvs=21), Back Squat (https://www.notion.so/Back-Squat-fe39fbe882254cd8a498ac5243584790?pvs=21), Back Squat(f) (https://www.notion.so/Back-Squat-f-646af288277a4cf79bb305376e9f441f?pvs=21)",6
Push Day 4,165.6,"August 3, 2024 12:30 PM (EDT)","Bench Press (https://www.notion.so/Bench-Press-80bf254a71d04c32992cd5dcd297647d?pvs=21), Incline DB Press (https://www.notion.so/Incline-DB-Press-04990d0dca364bfab21cbeaf911f2aa5?pvs=21), Machine Converging Shoulder Press(2x-9) (https://www.notion.so/Machine-Converging-Shoulder-Press-2x-9-9ae293462f84470296af6f4ba67f611b?pvs=21), Machine Converging Chest Press (2x-14) (https://www.notion.so/Machine-Converging-Chest-Press-2x-14-fe35b76afdce4e2fb47bb0512f3c425d?pvs=21)",7
Pull Day 4,167,"August 5, 2024 8:30 AM (EDT)","WG Lat Pulldown (https://www.notion.so/WG-Lat-Pulldown-f57ffe9d1bd64b2581ccf66d3446269b?pvs=21), NG Lat Pulldown (https://www.notion.so/NG-Lat-Pulldown-c3dfe60239b84f3392c2c337a228444e?pvs=21), Upright Row (https://www.notion.so/Upright-Row-4ae8a427394b42ac948806516a898f34?pvs=21), Bent-Over Row (https://www.notion.so/Bent-Over-Row-d91489d5c68543e9af2f3a99a9328758?pvs=21)",7
Arm Day 4,166.8,"August 6, 2024 5:00 PM (EDT)","Barbell Curl (1x-5) (https://www.notion.so/Barbell-Curl-1x-5-7e2d90ab65a041e6b33ab83a74c64b9c?pvs=21), CG Bench Press (https://www.notion.so/CG-Bench-Press-8245770b86824e0aa9ec4d7448f615e3?pvs=21), Machine Bicep Curl(3x-13) (https://www.notion.so/Machine-Bicep-Curl-3x-13-f12eb52d6c854cd78c3638152d853b7c?pvs=21), Machine Lateral Raise(3x-13) (https://www.notion.so/Machine-Lateral-Raise-3x-13-e0c9d092eaee42588f4b36e63ce42a78?pvs=21), Overhead Tricep Extension(f) (https://www.notion.so/Overhead-Tricep-Extension-f-8754f365430f4e53b354b12ce6785d15?pvs=21), Skullcrushers (https://www.notion.so/Skullcrushers-991872ff459343f0a57d33a716ff61e4?pvs=21)",7
Leg Day 4,166,"August 14, 2024 6:00 PM (EDT)","DB RDL (https://www.notion.so/DB-RDL-95ec5f13e2f84c66980dbf26eed3f829?pvs=21), SM HR Squat (https://www.notion.so/SM-HR-Squat-3ff83329395744f6bd9eadca2c1cbebf?pvs=21)",6
Push Day 5,166,"August 15, 2024 2:30 PM (EDT)","Bench Press (https://www.notion.so/Bench-Press-9bc56f86dced4658ba668a4b505f324a?pvs=21), Bench Press (https://www.notion.so/Bench-Press-ece17082651e4424add2ff925598c20c?pvs=21), Bench Press (https://www.notion.so/Bench-Press-f5c114d80641418398a3efdea3fc8604?pvs=21), DB Shoulder Press (https://www.notion.so/DB-Shoulder-Press-280fe945b14044ada2666331725ff279?pvs=21)",6
Pull Day 5,166.2,"August 16, 2024 12:00 PM (EDT)","WG Pull Ups(f) (https://www.notion.so/WG-Pull-Ups-f-f6aab77496764290b78620410eb5ffb2?pvs=21), NG Pull Ups(f) (https://www.notion.so/NG-Pull-Ups-f-ab1272368d044a0d8289b5ad4339dc33?pvs=21), DB High Pull (https://www.notion.so/DB-High-Pull-3d8a1a3b6256486dac64b0b4ad73a4e3?pvs=21), Upright Row (https://www.notion.so/Upright-Row-c1e52ee1cc6943188aa512fa1eeacfec?pvs=21), Machine Diverging Row(1x-21) (https://www.notion.so/Machine-Diverging-Row-1x-21-fff6551aa02980b9a1e3f2156a23b656?pvs=21)",7
Arm Day 5,165.6,"August 17, 2024 4:30 PM (EDT)","EZ Bar Curl (https://www.notion.so/EZ-Bar-Curl-3a45c85d924e4d318ef0ef576593da6d?pvs=21), Skullcrushers (https://www.notion.so/Skullcrushers-991872ff459343f0a57d33a716ff61e4?pvs=21), Cable Rear Delt Fly (https://www.notion.so/Cable-Rear-Delt-Fly-3098d66ea7cd4f31ba59b0e12f4b1b12?pvs=21), Cable Lateral Raise (https://www.notion.so/Cable-Lateral-Raise-fff6551aa02980bcaa03e2c4ab6295c0?pvs=21), Cable Bicep Curl(2x-4.5) (https://www.notion.so/Cable-Bicep-Curl-2x-4-5-3d843d3387af429fb66645bd87073168?pvs=21), Cable Tricep Pushdown (https://www.notion.so/Cable-Tricep-Pushdown-fff6551aa02980959e39cf8764ae7440?pvs=21)",8
Leg Day 5,164.4,"August 25, 2024 2:30 AM (EDT)","Deadlift  (https://www.notion.so/Deadlift-9df1f642397044658cbbf96e72100f93?pvs=21), Hack Squat (https://www.notion.so/Hack-Squat-7a0b4154dfdb44a5bae7559fde145edb?pvs=21)",6
Push Day 6,165.4,"August 27, 2024 1:00 AM (EDT)","DB Press (1x-6) (https://www.notion.so/DB-Press-1x-6-4062828f4a0148c2bb4dc2ff02072138?pvs=21), DB Shoulder Press(1x-4) (https://www.notion.so/DB-Shoulder-Press-1x-4-e6d52aec4c4a4044a06d090b27478df7?pvs=21), DB Lateral Raise (https://www.notion.so/DB-Lateral-Raise-d5be482ea4774b29a63e003b0b8489dd?pvs=21), Machine Converging Chest Press(f) (https://www.notion.so/Machine-Converging-Chest-Press-f-27e669a74a5c4b64a91771230f854020?pvs=21), Machine Converging Shoulder Press(f) (https://www.notion.so/Machine-Converging-Shoulder-Press-f-f31bc034cb4f42dd98fc91d726eac4e3?pvs=21)",7
Pull Day 6,166.6,"August 28, 2024 1:00 AM (EDT)","Gorilla Row (https://www.notion.so/Gorilla-Row-ecbe8f4679f041d7b228fa7d4a8e327a?pvs=21), Upright Row (https://www.notion.so/Upright-Row-87183daa28224c9794ff9ff0d86acb4b?pvs=21), WG Lat Pulldown (https://www.notion.so/WG-Lat-Pulldown-0bc45fd9d41b4684a6ffc8d1b6378a5a?pvs=21), CG Seated Cable Row (https://www.notion.so/CG-Seated-Cable-Row-5c883a4f6c894bf8b2d68a772cb5c8a1?pvs=21)",7
Arm Day 6,166.6,"August 28, 2024 7:30 PM (EDT)","Incline DB Curl (https://www.notion.so/Incline-DB-Curl-14037c6cce8e46b7a612796173219f89?pvs=21), Standing DB Curl (https://www.notion.so/Standing-DB-Curl-4897d7b9e49848fa88c4ed42abcb7808?pvs=21), DB Rear Delt Fly (https://www.notion.so/DB-Rear-Delt-Fly-95d444f9b0a34cd2a87878b98d6f27fa?pvs=21), Overhead Cable Tricep Extension (https://www.notion.so/Overhead-Cable-Tricep-Extension-4ef7c60a45c244848b84c2bd435bd899?pvs=21), Preacher Curl (https://www.notion.so/Preacher-Curl-862535b1d05045e0b9f63f289cbb5a9e?pvs=21)",7
Leg Day 6,167,"August 30, 2024 6:00 AM (EDT)","SM HR Squat (https://www.notion.so/SM-HR-Squat-c6569f39513a4bde88c68496cad5f701?pvs=21), Machine Hip Thrust (https://www.notion.so/Machine-Hip-Thrust-b9eed3624f28495b9fc2999331cfbdef?pvs=21), Good Morning (https://www.notion.so/Good-Morning-25506a9db96d4ad7a27931101e209272?pvs=21)",7
Push Day 7,167.2,"August 31, 2024 7:00 AM (EDT)","Bench Press (https://www.notion.so/Bench-Press-f58bd5fa076a4ae9ad6788fcc55d5023?pvs=21), Military Press (https://www.notion.so/Military-Press-7baab1ad00bc43bebe52dc0a63a1a537?pvs=21), DB Lateral Raise (https://www.notion.so/DB-Lateral-Raise-9adad5609a824e27a7ec08d2fbb34ea7?pvs=21), Incline DB Press (https://www.notion.so/Incline-DB-Press-0314231fc5c04d8983788437f84024e2?pvs=21)",7
Pull Day 7,168.4,"September 1, 2024 12:30 PM (EDT)","WNG Lat Pulldown (https://www.notion.so/WNG-Lat-Pulldown-dea74b1f98ce49738e5209617c10b5e6?pvs=21), FH seated cable row (https://www.notion.so/FH-seated-cable-row-6b02a4122ad6483992789980240a3d51?pvs=21), CG Seated Machine Row (https://www.notion.so/CG-Seated-Machine-Row-4ab27bf8813d4501aac9483ab2f4a183?pvs=21), Machine Pulldown (https://www.notion.so/Machine-Pulldown-1e2cbf8cfcbe4704b33546911adf096f?pvs=21)",8
Arm Day 7,166,"September 2, 2024 1:00 PM (EDT)","Weighted Dips(1x-20) (https://www.notion.so/Weighted-Dips-1x-20-710d626ca01d4ddf84c50d118a119da5?pvs=21), Standing DB Curl(1x-4) (https://www.notion.so/Standing-DB-Curl-1x-4-190371c3c19b4cb89dcdc93db12ff605?pvs=21), Cable 1.5 lateral raise (https://www.notion.so/Cable-1-5-lateral-raise-a64a614de33f4581be311ebcfea0c2e5?pvs=21), Cable overhead tricep extension(1x-6.8) (https://www.notion.so/Cable-overhead-tricep-extension-1x-6-8-977a625140314aca922e514aeee4773e?pvs=21)",7
Leg Day 7,167,"September 18, 2024 3:30 PM (EDT)","SM HR Squat (https://www.notion.so/SM-HR-Squat-1056551aa029800b8580cfd987866c98?pvs=21), SM Good Morning (https://www.notion.so/SM-Good-Morning-c40062a6d569476488eb674b03a113c1?pvs=21)",5
Push Day 8,166.8,"September 19, 2024 6:00 PM (EDT)","Machine Press (https://www.notion.so/Machine-Press-1066551aa029800881b6ce96688d353f?pvs=21), DB Shoulder Press (https://www.notion.so/DB-Shoulder-Press-1066551aa02980039e06c3971a55f5e6?pvs=21)",5
Pull Day 8,165.6,"September 21, 2024 1:00 PM (EDT)","WNG Lat Pulldown (https://www.notion.so/WNG-Lat-Pulldown-1086551aa0298066ba2df78a667cb32b?pvs=21), Lat Pullover (https://www.notion.so/Lat-Pullover-1086551aa02980e4b7d6ebc3ef9fd8b1?pvs=21), Upright Row (https://www.notion.so/Upright-Row-1086551aa02980389f74cb2f747015cb?pvs=21), DB High Pull (https://www.notion.so/DB-High-Pull-1086551aa02980bfa9daf4176b142c7d?pvs=21)",7
Arm Day 8,164.6,"September 22, 2024 9:00 AM (EDT)","Preacher Curl (https://www.notion.so/Preacher-Curl-1086551aa02980b2b53bde16d81d105a?pvs=21), DB Hammer Curl (https://www.notion.so/DB-Hammer-Curl-60ff9c8db1fa49b1a518f62ea8a41054?pvs=21), Cable Tricep Pushdown (https://www.notion.so/Cable-Tricep-Pushdown-1096551aa029800e98e0e6ba0e6e1a27?pvs=21), Cable Lateral Raise (https://www.notion.so/Cable-Lateral-Raise-1096551aa0298048bf72c93a8a7a9e5b?pvs=21), Cable Overhead Tricep Extension(f) (https://www.notion.so/Cable-Overhead-Tricep-Extension-f-1096551aa0298049a571fd2c72242892?pvs=21), Machine Lateral Raise(f) (https://www.notion.so/Machine-Lateral-Raise-f-9a9f22e72e054593a362ee214badad35?pvs=21)",7
Leg Day 8,166.6,"September 23, 2024 2:00 AM (EDT)","DB RDL (https://www.notion.so/DB-RDL-10a6551aa02980fdb313e3979c357438?pvs=21), Hack Squat (https://www.notion.so/Hack-Squat-10a6551aa0298018b10bd0e1a4fc03a5?pvs=21), Hack Squat (https://www.notion.so/Hack-Squat-10a6551aa02980e4a0b3fd76610bbbbb?pvs=21)",6
Push Day 9,164.6,"September 24, 2024 12:00 PM (EDT)","SM Incline Bench Press (https://www.notion.so/SM-Incline-Bench-Press-10b6551aa02980029ad8c0c148470c15?pvs=21), Machine Converging Shoulder Press (https://www.notion.so/Machine-Converging-Shoulder-Press-f5bda8b31f254c4ca567d6b443872b8f?pvs=21), Incline DB Press (https://www.notion.so/Incline-DB-Press-10b6551aa029807ab4b5f41fb94fad37?pvs=21), DB Lateral Raise (https://www.notion.so/DB-Lateral-Raise-10b6551aa0298002813be7e194bb22d1?pvs=21)",7
Pull Day 9,165,"September 26, 2024 3:30 PM (EDT)","WG Lat Pulldown (https://www.notion.so/WG-Lat-Pulldown-10d6551aa029807da2c8f7d06b91bf6a?pvs=21), CG Seated Cable Row (https://www.notion.so/CG-Seated-Cable-Row-10d6551aa029808490a2cb76dec5f16b?pvs=21), Lat Pullover (https://www.notion.so/Lat-Pullover-10d6551aa02980179bd9f9176d54ce22?pvs=21), Machine Rear Delt Fly (https://www.notion.so/Machine-Rear-Delt-Fly-10d6551aa0298099b8d9e8ed542b199e?pvs=21)",7
Arm Day 9,165.5,"September 27, 2024 11:00 AM (EDT)","Weighted Dips (https://www.notion.so/Weighted-Dips-10e6551aa02980d5b107c0b7e78b1509?pvs=21), Dips(f) (https://www.notion.so/Dips-f-10e6551aa02980f29585e4b01fb9ef65?pvs=21), Barbell Curl (https://www.notion.so/Barbell-Curl-10e6551aa02980cd9efbc8fac2a163c5?pvs=21), DB Rear Delt Fly (https://www.notion.so/DB-Rear-Delt-Fly-10e6551aa02980d1bdebdb2e88384817?pvs=21), Cable Tricep Pushdown(3x-6.8) (https://www.notion.so/Cable-Tricep-Pushdown-3x-6-8-10e6551aa02980ff99f0ddb1aa0bab5c?pvs=21), Cable Lateral Raise (https://www.notion.so/Cable-Lateral-Raise-10e6551aa02980118d3ad4e3bbaae094?pvs=21), Db bicep curl(3x-2) (https://www.notion.so/Db-bicep-curl-3x-2-10e6551aa0298098a53aee3da27c719a?pvs=21)",8
Leg Day 9,165,"September 29, 2024 1:00 PM (EDT)","Sled Press (https://www.notion.so/Sled-Press-10e6551aa02980cc96bafb81f103bea2?pvs=21), Good Morning (https://www.notion.so/Good-Morning-1106551aa02980e980a6d5ce85712dd6?pvs=21), Machine Hip Thrust (https://www.notion.so/Machine-Hip-Thrust-1106551aa029807fb252d0a9a410a7f0?pvs=21), Machine Hip Thrust (https://www.notion.so/Machine-Hip-Thrust-1106551aa029804497c6cc1805200192?pvs=21), Leg Extension(3x-20) (https://www.notion.so/Leg-Extension-3x-20-1106551aa02980d6931ae4dfe66ee0e7?pvs=21)",8
Push Day 10,165.2,"September 30, 2024 12:30 AM (EDT)","Military Press (https://www.notion.so/Military-Press-1116551aa029802e9910da26d0a0f3e0?pvs=21), DB Press (https://www.notion.so/DB-Press-1116551aa02980ed9108ebdbd769cf27?pvs=21), Military Press (https://www.notion.so/Military-Press-1116551aa0298001bb4ff939d40883d7?pvs=21), DB Shoulder Press (https://www.notion.so/DB-Shoulder-Press-1116551aa02980188b75d13455904f31?pvs=21), Machine Press + partials(f) (https://www.notion.so/Machine-Press-partials-f-1116551aa029807880e4c185cc40af13?pvs=21)",8
Pull Day 10,164.6,"October 1, 2024 5:00 PM (EDT)","Pull Up (https://www.notion.so/Pull-Up-1126551aa0298075b633d69e6f95f7ff?pvs=21), Bent-Over Row (https://www.notion.so/Bent-Over-Row-1126551aa02980c4b4dafc131e92db48?pvs=21), Bent-Over Row (https://www.notion.so/Bent-Over-Row-1126551aa029803db376edf6c6c831bd?pvs=21), CG Machine Diverging Row(1x-14) (https://www.notion.so/CG-Machine-Diverging-Row-1x-14-1126551aa02980ce9873d0673ea67feb?pvs=21)",7
Arm Day 10,165.2,"October 2, 2024 5:00 PM (EDT)","EZ Bar Curl (https://www.notion.so/EZ-Bar-Curl-1136551aa02980e5879bd66ad48e3cdb?pvs=21), EZ Bar Reverse Curl (https://www.notion.so/EZ-Bar-Reverse-Curl-1136551aa0298014b57fc829c78f8592?pvs=21), Skullcrushers (https://www.notion.so/Skullcrushers-1136551aa02980cdbbaedbb090d73d26?pvs=21), Incline DB Curl (https://www.notion.so/Incline-DB-Curl-1136551aa02980cbb05df6863de50fc4?pvs=21), Standing DB Curl (https://www.notion.so/Standing-DB-Curl-1136551aa02980b08216fbdbbc38e707?pvs=21)",7
Leg Day 10,165.4,"October 3, 2024 12:00 PM (EDT)","Deadlift (https://www.notion.so/Deadlift-1146551aa02980b9b11fc6b6bfc1b8ea?pvs=21), HR Back Squat (https://www.notion.so/HR-Back-Squat-1146551aa029804797b3c5079e26e92d?pvs=21)",7
Push Day 11,165.8,"October 5, 2024 2:00 PM (EDT)","Bench Press (https://www.notion.so/Bench-Press-1166551aa029801aabf1e393559cbc10?pvs=21), Bench Press (https://www.notion.so/Bench-Press-1166551aa02980a29b50f9046318b001?pvs=21), Bench Press (https://www.notion.so/Bench-Press-1166551aa029803382c9ccd994280d27?pvs=21)",6
Pull Day 11,166,"October 7, 2024 4:30 PM (EDT)","Pull Ups (https://www.notion.so/Pull-Ups-1166551aa0298023b93dfbb6797afc09?pvs=21), Lat Pullover(1x-4.5) (https://www.notion.so/Lat-Pullover-1x-4-5-1186551aa029800ba109f73ad115a0b3?pvs=21), Upright Row (https://www.notion.so/Upright-Row-1186551aa02980428d2df2292a72d87f?pvs=21), DB High Pull (https://www.notion.so/DB-High-Pull-1186551aa02980339064ee5344048ebe?pvs=21)",7
Arm Day 11,165.4,"October 8, 2024 5:30 PM (EDT)","Preacher Curl (https://www.notion.so/Preacher-Curl-1196551aa029807d931cc7ffaa11444c?pvs=21), Preacher Curl (https://www.notion.so/Preacher-Curl-1196551aa029809dbad1c41e02ab4891?pvs=21), Preacher Curl (https://www.notion.so/Preacher-Curl-1196551aa029809f8c13ffad277eff78?pvs=21), DB Shoulder Press (https://www.notion.so/DB-Shoulder-Press-1196551aa02980e9a187c66c55f9f748?pvs=21)",6
Leg Day 11,165,"October 10, 2024 5:00 PM (EDT)","Sled Press (https://www.notion.so/Sled-Press-11b6551aa029809891ecca6fe13dad52?pvs=21), DB RDL (https://www.notion.so/DB-RDL-11b6551aa02980bbab5ec95aff351b81?pvs=21), SM HR Back Squat (https://www.notion.so/SM-HR-Back-Squat-11b6551aa029801cadf2cbb20f1d5ff8?pvs=21), Leg Extension(3x-20) (https://www.notion.so/Leg-Extension-3x-20-11b6551aa0298040b2cfc2a0b23c5ccb?pvs=21)",8
Push Day 12,164.8,"October 12, 2024 11:00 AM (EDT)","DB Shoulder Press (https://www.notion.so/DB-Shoulder-Press-11d6551aa0298044a911de3f2760d3c7?pvs=21), DB Rear Delt Fly (https://www.notion.so/DB-Rear-Delt-Fly-11d6551aa0298082b667ca8d526d2695?pvs=21), DB Lateral Raise (https://www.notion.so/DB-Lateral-Raise-11d6551aa02980ebbd66c070974bb8b8?pvs=21), SM Incline Bench Press (https://www.notion.so/SM-Incline-Bench-Press-11d6551aa02980f98f67ddfa2e74a7c2?pvs=21), SM Incline Bench Press (https://www.notion.so/SM-Incline-Bench-Press-11d6551aa0298057afd5c9c4805b8240?pvs=21), Machine Converging Chest Press(3x-14) (https://www.notion.so/Machine-Converging-Chest-Press-3x-14-11d6551aa0298053bdd1c6fba44f6d0f?pvs=21)",8
Pull Day 12,166.4,"October 14, 2024 5:00 PM (EDT)","Pull Ups(1x-14(assist)) (https://www.notion.so/Pull-Ups-1x-14-assist-11f6551aa029808d817de8cbb9e201e4?pvs=21), Gorilla Row (https://www.notion.so/Gorilla-Row-11f6551aa02980399c5ed00bd07b59a9?pvs=21), Gorilla Row(1x-6) (https://www.notion.so/Gorilla-Row-1x-6-11f6551aa029809487a4c179e573aaed?pvs=21), NG Seated Cable Row(1x-14) (https://www.notion.so/NG-Seated-Cable-Row-1x-14-11f6551aa029800d8dc7f0d6e4d1c0ed?pvs=21)",8
Arm Day 12,166.4,"October 15, 2024 5:30 PM (EDT)","CG Bench Press (https://www.notion.so/CG-Bench-Press-11f6551aa02980e6a2f2df8bab88374f?pvs=21), Standing DB Curl (https://www.notion.so/Standing-DB-Curl-1206551aa02980dc8cf0d55b3d62df9a?pvs=21), Cable Bicep Curl (https://www.notion.so/Cable-Bicep-Curl-1206551aa02980e793ece7a2d4a3d24e?pvs=21), Cable Lateral Raise (https://www.notion.so/Cable-Lateral-Raise-1206551aa02980ac9a37c673acbb397f?pvs=21), Cable Overhead Tricep Extension(1x-4.5) (https://www.notion.so/Cable-Overhead-Tricep-Extension-1x-4-5-1206551aa0298005baf7ec838c3b3f27?pvs=21), Strict Barbell Curl(into no  strict) (https://www.notion.so/Strict-Barbell-Curl-into-no-strict-1206551aa029806db746d6896538144a?pvs=21)",9
Leg Day 12,166,"October 17, 2024 5:00 PM (EDT)","Back Squat (https://www.notion.so/Back-Squat-1226551aa0298016bb65e52fe505dec9?pvs=21), HR Back Squat (https://www.notion.so/HR-Back-Squat-1226551aa02980f180b2c866b22ef648?pvs=21), Machine Hip Thrust (https://www.notion.so/Machine-Hip-Thrust-1226551aa0298033ad27c4dafc85a859?pvs=21), Good Mornings (https://www.notion.so/Good-Mornings-1226551aa02980189835f2b0e326894b?pvs=21)",8
Push Day 13,166.8,"October 18, 2024 6:59 PM (EDT)","Seated Barbell OHP (https://www.notion.so/Seated-Barbell-OHP-1226551aa0298094a659c5fb1b8f658c?pvs=21), Seated Barbell OHP (https://www.notion.so/Seated-Barbell-OHP-1236551aa029804f940ecb103808038a?pvs=21), Seated Barbell OHP (https://www.notion.so/Seated-Barbell-OHP-1236551aa02980e7988cf4db2cef5ea8?pvs=21), DB Press (https://www.notion.so/DB-Press-1236551aa02980b0b3e3cd3055281d81?pvs=21), Machine Press (2x-10) (https://www.notion.so/Machine-Press-2x-10-1246551aa029808f80d9c7a992557df7?pvs=21)",8
Pull Day 13,167,"October 20, 2024 5:00 PM (EDT)","WG Lat Pulldown (https://www.notion.so/WG-Lat-Pulldown-1256551aa02980e6913bdb8d374a4515?pvs=21), WG Lat Pulldown (https://www.notion.so/WG-Lat-Pulldown-1256551aa02980d3833bfd321bfaf36d?pvs=21), Lat Pullover(1x-9) (https://www.notion.so/Lat-Pullover-1x-9-1396915b83c340cc9b3b3e67c7c4b1da?pvs=21), Seated Machine Row (https://www.notion.so/Seated-Machine-Row-1256551aa02980cbb141f890391bdeef?pvs=21), Seated Machine Row (https://www.notion.so/Seated-Machine-Row-1256551aa029803aae19d498d9ce487b?pvs=21)",8
Arm Day 13,166.8,"October 21, 2024 4:00 PM (EDT)","Skullcrushers (https://www.notion.so/Skullcrushers-1266551aa02980a1bc5fc5c18101e38e?pvs=21), DB Lateral Raise (https://www.notion.so/DB-Lateral-Raise-1266551aa0298062a043e5f3af6eb644?pvs=21), Double Cable Bicep Curl (https://www.notion.so/Double-Cable-Bicep-Curl-1266551aa02980ccab91d6aa4facd6b6?pvs=21)",7
Leg Day 13,166.2,"October 22, 2024 4:30 PM (EDT)","Back Squat (https://www.notion.so/Back-Squat-1276551aa02980408f92c5a813d82440?pvs=21), Hack Squat (https://www.notion.so/Hack-Squat-1276551aa029801ea45fd6a03d650533?pvs=21), Leg Press(1x-20) (https://www.notion.so/Leg-Press-1x-20-1276551aa02980d2a41eedc026875c31?pvs=21), Leg Extension(3x-20) (https://www.notion.so/Leg-Extension-3x-20-1276551aa0298005b35ad5052c229d3f?pvs=21)",8
Push Day 14,166.8,"October 24, 2024 6:00 PM (EDT)","Incline Bench Press (https://www.notion.so/Incline-Bench-Press-1296551aa0298050b5d3cb4e7a0a0e8a?pvs=21), Incline Bench Press (https://www.notion.so/Incline-Bench-Press-1296551aa02980eaa7cedbd04a09737e?pvs=21), DB Shoulder Press (https://www.notion.so/DB-Shoulder-Press-1296551aa029805e94e7d5b10a4063ab?pvs=21), Machine Shoulder Press (https://www.notion.so/Machine-Shoulder-Press-1296551aa02980529c8de78bb4a47d61?pvs=21), Machine Pec Fly(1x-20) (https://www.notion.so/Machine-Pec-Fly-1x-20-1296551aa0298016b500f0239b40fea5?pvs=21)",8
Pull Day 14,167.8,"October 25, 2024 5:00 PM (EDT)","Bent-Over Row (clean) (https://www.notion.so/Bent-Over-Row-clean-12a6551aa029808c983ac92773d79fa1?pvs=21), Upright Row  (https://www.notion.so/Upright-Row-12a6551aa029806c9856cb91da82f917?pvs=21), DB High Pull (https://www.notion.so/DB-High-Pull-12a6551aa0298018ae89c8d6d5148c44?pvs=21), CG Seated Cable Row(1x-14) (https://www.notion.so/CG-Seated-Cable-Row-1x-14-12a6551aa029805dbacae1f8aa1d344b?pvs=21)",8
Arm Day 14,166,"October 27, 2024 4:00 PM (EDT)","Barbell Curl(1x-5) (https://www.notion.so/Barbell-Curl-1x-5-12a6551aa02980369658ef6613b1396b?pvs=21), Seated Skullcrushers (https://www.notion.so/Seated-Skullcrushers-12c6551aa029808c84c9cdf796d8198f?pvs=21), Preacher Curl (https://www.notion.so/Preacher-Curl-12c6551aa029805aa891f8fce587fead?pvs=21), Cable Overhead Tricep Extension(2x-6.8) (https://www.notion.so/Cable-Overhead-Tricep-Extension-2x-6-8-12c6551aa029809f95a5ee5013d08817?pvs=21)",8
Leg Day 14,167,"October 29, 2024 6:00 PM (EDT)","Deadlift (https://www.notion.so/Deadlift-12e6551aa0298087ab7de2535ccea633?pvs=21), SM HR Back Squat (https://www.notion.so/SM-HR-Back-Squat-12e6551aa029803ca5a2d730cfae643e?pvs=21)",6
Push Day 15,165.4,"November 1, 2024 4:00 PM (EDT)","SM Seated Shoulder Press (https://www.notion.so/SM-Seated-Shoulder-Press-1316551aa0298010a047c004b0913c8b?pvs=21), Bench Press (https://www.notion.so/Bench-Press-1316551aa029802aa045dfe48fc55913?pvs=21), Bench Press (https://www.notion.so/Bench-Press-1316551aa02980b885fbd87bda3b72fb?pvs=21), DB Shoulder Press (https://www.notion.so/DB-Shoulder-Press-1326551aa0298021bcd1c0878e799883?pvs=21)",7
Pull Day 15,165.4,"November 2, 2024 6:00 PM (EDT)","SG Pull Ups (https://www.notion.so/SG-Pull-Ups-1326551aa029809aa905fd53493d0618?pvs=21), Seated Machine Row (https://www.notion.so/Seated-Machine-Row-1326551aa0298033bf2dcbfb08a45127?pvs=21), Seated Machine Row (https://www.notion.so/Seated-Machine-Row-1326551aa029808fbdfde423afa2a639?pvs=21), CG Lat Pulldown (https://www.notion.so/CG-Lat-Pulldown-1326551aa02980de86afe262c2b242eb?pvs=21)",7
Arm Day 15,166,"November 3, 2024 3:00 PM (EST)","Preacher Curl (https://www.notion.so/Preacher-Curl-1326551aa029809e9990cb2a640e5113?pvs=21), DB Hammer Curl (https://www.notion.so/DB-Hammer-Curl-1336551aa02980df8805ea3765a41e41?pvs=21), Weighted Dips(1x-20) (https://www.notion.so/Weighted-Dips-1x-20-1336551aa029806c9311dc6ef3b9d5e2?pvs=21), Machine Lateral Raise(1x-14) (https://www.notion.so/Machine-Lateral-Raise-1x-14-1336551aa029802fbc0ce6ed82234de1?pvs=21), Double Cable Bicep Curl (https://www.notion.so/Double-Cable-Bicep-Curl-1336551aa02980abba23d97423aca500?pvs=21)",8
Leg Day 15,166,"November 9, 2024 3:30 AM (EST)","Sled Press (https://www.notion.so/Sled-Press-1396551aa02980e9b35bf834a998f0bb?pvs=21), DB RDL (https://www.notion.so/DB-RDL-1396551aa0298032bb58dc7c3ae4039c?pvs=21), SM HR Squat (https://www.notion.so/SM-HR-Squat-1396551aa02980f5aa8ae1294f94a641?pvs=21), Leg Extension(3x-20) (https://www.notion.so/Leg-Extension-3x-20-1396551aa029800689d3fab22b4ecf7c?pvs=21)",8
Push Day 16,166.8,"November 10, 2024 10:00 AM (EST)","Incline DB Press (https://www.notion.so/Incline-DB-Press-13a6551aa02980baa195dde07c48e09b?pvs=21), DB Shoulder Press (https://www.notion.so/DB-Shoulder-Press-13a6551aa029802d9806d81c4ca11524?pvs=21), Machine Press (https://www.notion.so/Machine-Press-13a6551aa029806aa88fca56e97c449d?pvs=21), Machine Converging Shoulder Press (https://www.notion.so/Machine-Converging-Shoulder-Press-13a6551aa0298097b3d6c3ab3e9303d9?pvs=21)",8
Pull Day 16,168.4,"November 14, 2024 3:00 AM (EST)","WG Lat Pulldown(1x-20) (https://www.notion.so/WG-Lat-Pulldown-1x-20-13e6551aa02980e4a554eb7174c0311f?pvs=21), CG Seated Cable Row (https://www.notion.so/CG-Seated-Cable-Row-13e6551aa02980fc96aef35cba7ec77e?pvs=21), Upright Row (https://www.notion.so/Upright-Row-13e6551aa0298015ae48e4db38a92e44?pvs=21), DB High Pull (https://www.notion.so/DB-High-Pull-13e6551aa02980d98b4eeb7868cdd5f8?pvs=21)",7
Arm Day 16,165.6,"November 16, 2024 6:00 AM (EST)","Overhead Cable Tricep extension (https://www.notion.so/Overhead-Cable-Tricep-extension-1406551aa02980e88e36dfcce46274e8?pvs=21), Tricep Pushdown (https://www.notion.so/Tricep-Pushdown-1406551aa02980d5bcf1f53f299a6f21?pvs=21), Preacher Curl (https://www.notion.so/Preacher-Curl-1406551aa02980cfbce7d914bb2c74e2?pvs=21), Preacher Curl (https://www.notion.so/Preacher-Curl-1406551aa02980a19c0fd608df5f9c14?pvs=21)",6
Leg Day 16,165.6,"November 18, 2024 11:00 AM (EST)","Hack Squat (https://www.notion.so/Hack-Squat-1426551aa02980c7ba93d2386ff245f2?pvs=21), Hack Squat (https://www.notion.so/Hack-Squat-1426551aa0298019b970eca66df5d516?pvs=21), Machine Hip Thrust (https://www.notion.so/Machine-Hip-Thrust-1426551aa02980c4a861d7a90b91c03b?pvs=21)",7
Push Day 17,166.4,"November 19, 2024 9:00 AM (EST)","Bench Press (https://www.notion.so/Bench-Press-1436551aa02980e89fbefc9200411e49?pvs=21), Machine Shoulder Press (https://www.notion.so/Machine-Shoulder-Press-1436551aa029807784c5f9df2ed00099?pvs=21), Machine Shoulder Press (https://www.notion.so/Machine-Shoulder-Press-1436551aa0298049885bd6f44ac43e54?pvs=21)",6
Pull Day 17,167.2,"November 21, 2024 11:00 AM (EST)","Lat Pullover (1x-4.5) (https://www.notion.so/Lat-Pullover-1x-4-5-1456551aa02980dfbf10ff44b9b75c84?pvs=21), Meadows Row (https://www.notion.so/Meadows-Row-1456551aa029804b8362cbe75ea90e6b?pvs=21), WNG Lat Pulldown (https://www.notion.so/WNG-Lat-Pulldown-1456551aa0298082b58dc019dbd348e0?pvs=21), Machine Diverging Lat Pulldown(1x-20) (https://www.notion.so/Machine-Diverging-Lat-Pulldown-1x-20-1456551aa029806c89cbe56e51aea3ef?pvs=21)",8
Arm Day 17,166,"November 30, 2024 4:00 PM (EST)","CG Bench Press (https://www.notion.so/CG-Bench-Press-1466551aa029807191afd064fd61026f?pvs=21), Double Cable Bicep Curl (https://www.notion.so/Double-Cable-Bicep-Curl-14e6551aa029802fab09ee80b4133cac?pvs=21), Cable Lateral Raise (https://www.notion.so/Cable-Lateral-Raise-14e6551aa02980c28ba6fefeadbad70d?pvs=21), Strict Barbell Curl (https://www.notion.so/Strict-Barbell-Curl-14e6551aa029809c9349ddad5b37a5a7?pvs=21), Barbell Curl (https://www.notion.so/Barbell-Curl-14e6551aa0298032940ec5267996deae?pvs=21), Dips(f) (https://www.notion.so/Dips-f-1506551aa029800f8150f158cde2591e?pvs=21)",8
Leg Day 17,166,"December 3, 2024 8:30 AM (EST)","Barbell RDL (https://www.notion.so/Barbell-RDL-1516551aa02980afa95eeabe33ac2328?pvs=21), Hack Squat (https://www.notion.so/Hack-Squat-1516551aa0298057875bddf9a7aca13a?pvs=21)",6
Push Day 18,167,"December 4, 2024 2:00 AM (EST)","DB Shoulder Press (https://www.notion.so/DB-Shoulder-Press-1526551aa02980c8b919efe5f4731a7a?pvs=21), Bench Press (https://www.notion.so/Bench-Press-1516551aa02980ba8b39d56d50201476?pvs=21), Incline DB Press (https://www.notion.so/Incline-DB-Press-1526551aa02980c6af32c91328bb8294?pvs=21)",7
Pull Day 18,166,"December 5, 2024 7:30 AM (EST)",Bent-Over Row (https://www.notion.so/Bent-Over-Row-3a45d5a2715b4cfcb2c63d8923ceda3b?pvs=21),2
Arm Day 18,167.4,"December 10, 2024 1:30 AM (EST)","Preacher Curl (https://www.notion.so/Preacher-Curl-1536551aa0298038a2e9f87df5a1e753?pvs=21), Preacher Curl(f) (https://www.notion.so/Preacher-Curl-f-1586551aa029800f83fdc00114aff12c?pvs=21), Cable Overhead Tricep Extension (https://www.notion.so/Cable-Overhead-Tricep-Extension-1586551aa02980a39b84e43a7997b926?pvs=21), Tricep Pushdown (https://www.notion.so/Tricep-Pushdown-1586551aa0298034bbf9c625a2582df2?pvs=21), Machine Lateral Raise(1x-14) (https://www.notion.so/Machine-Lateral-Raise-1x-14-1586551aa02980afa885e6a80c9756b4?pvs=21)",7
Leg Day 18,166.2,"December 11, 2024 3:30 AM (EST)","Back Squat (https://www.notion.so/Back-Squat-1596551aa029807d8fc3d74beb5c7b85?pvs=21), Back Squat (https://www.notion.so/Back-Squat-1596551aa0298048be33c41417be2b97?pvs=21), Good Morning (https://www.notion.so/Good-Morning-1596551aa029803293c8cf91b70548da?pvs=21)",7
Push Day 19,166.6,"December 12, 2024 1:00 AM (EST)","Bench Press (https://www.notion.so/Bench-Press-15a6551aa02980f79111c521fbe70c19?pvs=21), Bench Press (https://www.notion.so/Bench-Press-15a6551aa0298016990ad12f94417560?pvs=21), Bench Press (https://www.notion.so/Bench-Press-15a6551aa02980ebaa77c7a1e332001a?pvs=21), DB Shoulder Press (https://www.notion.so/DB-Shoulder-Press-15a6551aa02980f3a4c9c1c35594b9b4?pvs=21), Incline DB Press (1x-6) (https://www.notion.so/Incline-DB-Press-1x-6-15a6551aa0298076b3b9ef3fc185fbc6?pvs=21)",8
Pull Day 19,166.6,"December 14, 2024 3:00 AM (EST)","Pull Up (https://www.notion.so/Pull-Up-15c6551aa0298084843befe95a1d141b?pvs=21), NG Seated Cable Row(1x-14) (https://www.notion.so/NG-Seated-Cable-Row-1x-14-15c6551aa02980a6a80cc7ba0f853f23?pvs=21), SM Upright Row (https://www.notion.so/SM-Upright-Row-15c6551aa029806f80e4d18beb0a7d2f?pvs=21), CG Lat Pulldown (other) (https://www.notion.so/CG-Lat-Pulldown-other-15c6551aa029802d9d4af14c76dc16cb?pvs=21)",8
Arm Day 19,166.2,"December 18, 2024 1:30 AM (EST)","EZ Bar Curl (https://www.notion.so/EZ-Bar-Curl-1606551aa0298070a9eac72ac8856515?pvs=21), DB Hammer Curl (https://www.notion.so/DB-Hammer-Curl-1606551aa02980f9a4a9eec744907c3a?pvs=21), Skullcrushers (https://www.notion.so/Skullcrushers-1606551aa02980f0a761d89f9202ad7b?pvs=21)",4
Leg Day 19,166,"December 20, 2024 4:00 AM (EST)","Hack Squat  (https://www.notion.so/Hack-Squat-1626551aa02980c793b4e196e6ffc63a?pvs=21), Sled Press (https://www.notion.so/Sled-Press-1626551aa02980008e3cf46685d24b4a?pvs=21)",5
Push Day 20,165,"December 21, 2024 9:00 AM (EST)","Incline DB Press (1x-4) (https://www.notion.so/Incline-DB-Press-1x-4-1636551aa029809bab64f584e524cd5a?pvs=21), SM Seated Shoulder Press (https://www.notion.so/SM-Seated-Shoulder-Press-1636551aa02980dd8a41cdde632927ad?pvs=21)",6
Pull Day 20,166,"December 22, 2024 6:00 AM (EST)","Seated Machine Row (https://www.notion.so/Seated-Machine-Row-70c33345eccb420f8f705c5a5fe5f1c1?pvs=21), Seated Machine Row (Clean) (https://www.notion.so/Seated-Machine-Row-Clean-1646551aa029805cbc8fc99018f9470b?pvs=21), Machine Pulldown (https://www.notion.so/Machine-Pulldown-1646551aa02980578229c1fe99a215e8?pvs=21), Lat Pullover (1x-6.5) (https://www.notion.so/Lat-Pullover-1x-6-5-1646551aa0298058abf8f8426fd1f543?pvs=21), NG Pull Up (https://www.notion.so/NG-Pull-Up-1646551aa02980a0859bc85f4da15f74?pvs=21)",7
Arm Day 20,166.6,"December 23, 2024 11:30 AM (EST)","Incline DB Curl (https://www.notion.so/Incline-DB-Curl-1656551aa0298045b3c2e00ed0f4fffd?pvs=21), Standing DB Curl (https://www.notion.so/Standing-DB-Curl-1656551aa02980c2ac39de7b9cbe78e5?pvs=21), DB 1.5 Lateral Raise (https://www.notion.so/DB-1-5-Lateral-Raise-1656551aa02980a78269f50bfc35a574?pvs=21), DB Rear Delt Fly (https://www.notion.so/DB-Rear-Delt-Fly-1656551aa02980ea890df2aed6a30dd4?pvs=21), SB Tricep Pushdown (https://www.notion.so/SB-Tricep-Pushdown-07bf8902334c46d4928ddfc01d96d3d1?pvs=21)",7
Leg Day 20,166.2,"December 24, 2024 9:30 AM (EST)","Back Squat (https://www.notion.so/Back-Squat-1666551aa0298077b764fc6b2033efb8?pvs=21), Barbell RDL (https://www.notion.so/Barbell-RDL-1666551aa02980af9389f3b9bb7538d4?pvs=21), SM HR Squat (https://www.notion.so/SM-HR-Squat-1666551aa02980d89cfbd421f316fa94?pvs=21)",7
Push Day 21,166.2,"December 27, 2024 10:00 AM (EST)","Bench Press (https://www.notion.so/Bench-Press-1696551aa029805f9c93f299c7e54418?pvs=21), Bench Press (https://www.notion.so/Bench-Press-1696551aa02980d5b20be7740bff7184?pvs=21), Bench Press (https://www.notion.so/Bench-Press-1696551aa029804192b0f5a13c380113?pvs=21), Seated Barbell OHP (https://www.notion.so/Seated-Barbell-OHP-1696551aa029808c82ced3b1f6d497ed?pvs=21), Machine Converging Chest Press(2x-14) (https://www.notion.so/Machine-Converging-Chest-Press-2x-14-1696551aa02980618b82d965def0f3bc?pvs=21)",7
Pull Day 21,166.8,"December 28, 2024 1:30 PM (EST)","Bent-Over Row (https://www.notion.so/Bent-Over-Row-16a6551aa0298096a8f6ff4d6c44768c?pvs=21), Bent-Over Row (https://www.notion.so/Bent-Over-Row-16a6551aa02980a3b0e3c312f0c406e9?pvs=21), Upright Row (https://www.notion.so/Upright-Row-16a6551aa0298015a40bca67181607b9?pvs=21), WG lat Pulldown(1x-20) (https://www.notion.so/WG-lat-Pulldown-1x-20-16a6551aa0298034932cd8f5de35bd37?pvs=21), DB High Pull (https://www.notion.so/DB-High-Pull-16a6551aa02980629863f89db7bc6026?pvs=21)",7
Arm Day 21,166.8,"December 29, 2024 11:00 AM (EST)","RG Lat Pulldown (bf) (https://www.notion.so/RG-Lat-Pulldown-bf-16b6551aa02980fbb80ad42d82c02501?pvs=21), Dips(1x-20) (https://www.notion.so/Dips-1x-20-16b6551aa02980c4ba4ac20398780e28?pvs=21), Cable Lateral Raise(strict) (https://www.notion.so/Cable-Lateral-Raise-strict-16b6551aa0298063a596f3ee2ed2949f?pvs=21), Cable Overhead Tricep Extension (https://www.notion.so/Cable-Overhead-Tricep-Extension-16b6551aa02980389791e5e7aa6ccdb4?pvs=21), Cable Tricep Pushdown (https://www.notion.so/Cable-Tricep-Pushdown-16b6551aa0298081979fd4757124703f?pvs=21), Double Cable Bicep Curl (https://www.notion.so/Double-Cable-Bicep-Curl-16b6551aa02980ecbba1d4dbd42d8a1e?pvs=21)",8
Leg Day 21,168.4,"December 31, 2024 11:00 AM (EST)","HR Back Squat (https://www.notion.so/HR-Back-Squat-16d6551aa02980a28438d50a450bc1e8?pvs=21), HR Back Squat (https://www.notion.so/HR-Back-Squat-a09d78910cdf41f4adc3bfa52f16e3ed?pvs=21), HR Back Squat (https://www.notion.so/HR-Back-Squat-16d6551aa02980aa8077d843d47cfd7a?pvs=21)",7
Push Day 22,168.4,"January 1, 2025 10:00 AM (EST)","Military Press (https://www.notion.so/Military-Press-16e6551aa02980f28b6de98bc33a950a?pvs=21), Military Press (https://www.notion.so/Military-Press-16e6551aa029803292afd76cdc0897f4?pvs=21), SM Incline Bench Press (https://www.notion.so/SM-Incline-Bench-Press-16e6551aa029803fac59ebd8fa61408c?pvs=21), Machine Chest Fly (https://www.notion.so/Machine-Chest-Fly-16e6551aa02980e3976ce9551cf22e0b?pvs=21), DB Shoulder Press (https://www.notion.so/DB-Shoulder-Press-16e6551aa02980c6979df372bf853477?pvs=21)",7
Pull Day 22,170,"January 3, 2025 12:30 PM (EST)","WG Lat Pulldown (https://www.notion.so/WG-Lat-Pulldown-1706551aa02980ff9893d6c51db5cbcb?pvs=21), NG Lat Pulldown (https://www.notion.so/NG-Lat-Pulldown-1706551aa02980498d75c6c7fc2091d6?pvs=21), DB Row (https://www.notion.so/DB-Row-1706551aa02980ef9a1ec7f08fa7e832?pvs=21), NG Seated Cable Row (https://www.notion.so/NG-Seated-Cable-Row-1706551aa02980e2afafe0670876e8cf?pvs=21)",7
Arm Day 22,168.8,"January 5, 2025 1:30 AM (EST)","DB Lateral Raise (https://www.notion.so/DB-Lateral-Raise-1726551aa0298001b823e7095de575d7?pvs=21), DB Shoulder Press (https://www.notion.so/DB-Shoulder-Press-1726551aa02980aba3fcf20bd05743c9?pvs=21), Preacher Curl (https://www.notion.so/Preacher-Curl-1726551aa02980cc9a80f3cbd27bdd6b?pvs=21), DB Hammer Curl (https://www.notion.so/DB-Hammer-Curl-1726551aa0298094b0a6c4b66db12572?pvs=21), Skullcrushers (https://www.notion.so/Skullcrushers-1726551aa02980e3b139fdc0e584d6b1?pvs=21), Strict barbell curl (into not strict) (https://www.notion.so/Strict-barbell-curl-into-not-strict-1726551aa02980e4831ef08006006521?pvs=21), Double Cable Bicep Curl(1x-4.5) (https://www.notion.so/Double-Cable-Bicep-Curl-1x-4-5-17a6551aa02980339d14dd2a7ba047c9?pvs=21)",8
Leg Day 22,168,"January 7, 2025 12:00 PM (EST)","Back Squat (https://www.notion.so/Back-Squat-1746551aa02980a8a237eee42df8f33a?pvs=21), Back Squat (https://www.notion.so/Back-Squat-1746551aa029807cb73fc4b42b697e2d?pvs=21), Good Morning (https://www.notion.so/Good-Morning-1746551aa0298001a214e489e6927c68?pvs=21), Good morning (https://www.notion.so/Good-morning-1746551aa0298086ab80fb4ed370c859?pvs=21), Leg Press(2x-20) (https://www.notion.so/Leg-Press-2x-20-1756551aa02980fe81dff4fa2fb4e74d?pvs=21)",8
Push Day 23,169,"January 9, 2025 2:00 AM (EST)","Incline DB Press(1x-6) (https://www.notion.so/Incline-DB-Press-1x-6-1766551aa02980999948ddcb6bf5270f?pvs=21), Machine Shoulder Press (https://www.notion.so/Machine-Shoulder-Press-1766551aa029807b84cef13bb9e5076b?pvs=21), Machine Press (https://www.notion.so/Machine-Press-1766551aa02980d6b21ec0ec9685e15c?pvs=21)",7
Pull Day 23,168.4,"January 10, 2025 2:00 AM (EST)","Pull Up (https://www.notion.so/Pull-Up-1776551aa0298097bf04efd59707c80f?pvs=21), CG Seated Cable Row (https://www.notion.so/CG-Seated-Cable-Row-1776551aa02980a9af9acbcdbfb2eab8?pvs=21), Single Arm Cable Lat Pulldown (https://www.notion.so/Single-Arm-Cable-Lat-Pulldown-1776551aa0298092966ce510767f490f?pvs=21), DB Rear Delt Fly (https://www.notion.so/DB-Rear-Delt-Fly-1d4750f618aa4e5eab77acbe44dd1478?pvs=21), DB Upright Row (https://www.notion.so/DB-Upright-Row-1776551aa02980e2b2eadab09949c49f?pvs=21)",8
Arm Day 23,169,"January 13, 2025 3:00 AM (EST)","Incline DB Curl (https://www.notion.so/Incline-DB-Curl-17a6551aa029803e8876da8614f69caa?pvs=21), Standing DB Curl (https://www.notion.so/Standing-DB-Curl-17a6551aa0298099b447d8230efa5448?pvs=21), DB Shoulder Press (https://www.notion.so/DB-Shoulder-Press-17a6551aa029803ca7ade3aa51c40710?pvs=21), DB 1.5 Lateral Raise (https://www.notion.so/DB-1-5-Lateral-Raise-17a6551aa02980398f3af0cd5d46c781?pvs=21), Cable Tricep Pushdown (https://www.notion.so/Cable-Tricep-Pushdown-2f1c5a5f803f4fdb8e895048b0c2e9e6?pvs=21), Double Cable Bicep Curl(1x-4.5) (https://www.notion.so/Double-Cable-Bicep-Curl-1x-4-5-17a6551aa02980339d14dd2a7ba047c9?pvs=21), Cable Overhead Tricep Ext(f) (https://www.notion.so/Cable-Overhead-Tricep-Ext-f-17a6551aa029804f983bd52fae44904c?pvs=21)",9
Leg Day 23,166.8,"January 15, 2025 5:30 AM (EST)","Deadlift (https://www.notion.so/Deadlift-17c6551aa02980539f50ed09b4f55d03?pvs=21), SM HR Squat (https://www.notion.so/SM-HR-Squat-17c6551aa02980f8bb76f9a863c55b77?pvs=21), Sled Press (https://www.notion.so/Sled-Press-17c6551aa0298098907bdcb8122398ca?pvs=21)",7
Push Day 24,166,"January 17, 2025 4:30 PM (EST)","Military Press (https://www.notion.so/Military-Press-17e6551aa029808cb2b0e287f7159f97?pvs=21), Military Press (https://www.notion.so/Military-Press-17e6551aa02980abbc13e367db3c7c69?pvs=21), Machine Press (https://www.notion.so/Machine-Press-17e6551aa029809d8389eed14bd69a4e?pvs=21)",5
Pull Day 24,167,"January 20, 2025 5:00 PM (EST)","WG Lat Pulldown(1x-13) (https://www.notion.so/WG-Lat-Pulldown-1x-13-17e6551aa029802d8766dcc083c208db?pvs=21), Upright Row (https://www.notion.so/Upright-Row-1816551aa02980ef8a17e0b627585394?pvs=21), CG Seated Cable Row (https://www.notion.so/CG-Seated-Cable-Row-1836551aa029806baf65c7bb4d99e0da?pvs=21)",6
Arm Day 24,167,"January 22, 2025 1:00 AM (EST)","Standing DB Curl (2x-4) (https://www.notion.so/Standing-DB-Curl-2x-4-1836551aa0298091af0ae0daf3e94de5?pvs=21), Machine Tricep Extension(1x-14) (https://www.notion.so/Machine-Tricep-Extension-1x-14-1836551aa02980098bb1d6523ccbb7c4?pvs=21)",3
Leg Day 24,165,"January 25, 2025 2:00 PM (EST)","SM HR Back Squat (https://www.notion.so/SM-HR-Back-Squat-1876551aa02980f7bd98c324c423def5?pvs=21), DB RDL (https://www.notion.so/DB-RDL-1876551aa029806cad9cdc34403c5e5e?pvs=21), Hack Squat  (https://www.notion.so/Hack-Squat-1876551aa02980d08668cd3472a8d7e3?pvs=21)",7
Push Day 25,167.2,"January 28, 2025 1:00 AM (EST)","Bench Press (https://www.notion.so/Bench-Press-1896551aa029806d98f8e15436769852?pvs=21), DB Shoulder Press (https://www.notion.so/DB-Shoulder-Press-1896551aa029801ab11af4193236df71?pvs=21), Incline DB Press (https://www.notion.so/Incline-DB-Press-1896551aa02980bc89dbc05bb5bf2a78?pvs=21)",6
Pull Day 25,164.8,"January 31, 2025 1:00 AM (EST)","WG Lat Pulldown (https://www.notion.so/WG-Lat-Pulldown-18c6551aa0298014bec6c9187dba010f?pvs=21), NG Lat Pulldown (https://www.notion.so/NG-Lat-Pulldown-18c6551aa02980ed93afd0af6d8c8cca?pvs=21), Lat pullover (https://www.notion.so/Lat-pullover-18c6551aa029804a85b6f8ffaf0991c4?pvs=21), Bent-over row (https://www.notion.so/Bent-over-row-18c6551aa029806eac6ee9237a500f2c?pvs=21)",7
Arm Day 25,164.4,"February 1, 2025 11:30 AM (EST)","Preacher curl (https://www.notion.so/Preacher-curl-18d6551aa029803ca223edfa5fd16be1?pvs=21), Preacher Curl (https://www.notion.so/Preacher-Curl-18d6551aa029807c9b02f6b6bf8dc85a?pvs=21), Cable Overhead Tricep Ext(1x-6.8) (https://www.notion.so/Cable-Overhead-Tricep-Ext-1x-6-8-18d6551aa02980d79187f8c87e48f686?pvs=21)",6
Leg Day 25,165,"February 4, 2025 7:00 AM (EST)","HR Back Squat (https://www.notion.so/HR-Back-Squat-1906551aa02980008784ef87b941f72f?pvs=21), HR Back Squat (https://www.notion.so/HR-Back-Squat-1906551aa0298022935af5dc83d26fb3?pvs=21), Machine Hip Thrust (https://www.notion.so/Machine-Hip-Thrust-1906551aa029803aa06df9c0c3279bf9?pvs=21), Sled press (https://www.notion.so/Sled-press-1906551aa02980d2af83d7f9c1d94b81?pvs=21)",7
Push Day 26,163.8,"February 7, 2025 7:30 AM (EST)","Incline DB Press (https://www.notion.so/Incline-DB-Press-1936551aa02980659b9becf1de270503?pvs=21), DB Shoulder Press (https://www.notion.so/DB-Shoulder-Press-1936551aa02980f8834ff8cf26e9f288?pvs=21)",5
Pull Day 26,163.8,"February 8, 2025 11:00 AM (EST)","Pull Up (https://www.notion.so/Pull-Up-1946551aa029804796bdd4ec690af0ad?pvs=21), Upright Row (https://www.notion.so/Upright-Row-1946551aa0298073b6d8c191acf55130?pvs=21), Upright Row (https://www.notion.so/Upright-Row-1946551aa02980a68806fdfecc17f92a?pvs=21), Seated machine row(single arm) (https://www.notion.so/Seated-machine-row-single-arm-1946551aa02980998e42f407333c0b82?pvs=21)",5
Arm Day 26,164.8,"February 11, 2025 1:30 AM (EST)","Skullcrushers (https://www.notion.so/Skullcrushers-1976551aa02980bc8faed578d6d0f175?pvs=21), EZ curl (https://www.notion.so/EZ-curl-1976551aa029804e8608e66046fb8348?pvs=21), Ez curl (https://www.notion.so/Ez-curl-1976551aa0298046b90acdf09bba7705?pvs=21), Weighted dip (https://www.notion.so/Weighted-dip-1976551aa02980eba964e5144ea3d3d1?pvs=21), Double Cable Bicep Curl (https://www.notion.so/Double-Cable-Bicep-Curl-1976551aa029804fba6dedbe8cdc41cd?pvs=21)",7
Leg Day 26,165,"February 14, 2025 4:00 PM (EST)","Hack Squat (https://www.notion.so/Hack-Squat-19a6551aa02980e895f4cd649add3ba7?pvs=21), Hack Squat (https://www.notion.so/Hack-Squat-19a6551aa02980c9a985ec5cc8e09924?pvs=21), Good Morning (https://www.notion.so/Good-Morning-19a6551aa0298032b522fa254a7ab7d7?pvs=21)",5
Push Day 27,165.2,"February 15, 2025 3:00 PM (EST)","Incline Bench Press (https://www.notion.so/Incline-Bench-Press-19b6551aa029803f996dc2042e6a9f9f?pvs=21), Military Press (https://www.notion.so/Military-Press-19b6551aa02980c6b28cc6525329ae07?pvs=21), Machine Press (https://www.notion.so/Machine-Press-19b6551aa02980b1a230ef1abf434c05?pvs=21), Machine Press(f+partials) (https://www.notion.so/Machine-Press-f-partials-19b6551aa02980ea9903ed98c92997c4?pvs=21)",7
Pull Day 27,166,"February 16, 2025 1:00 PM (EST)","Bent-over row (https://www.notion.so/Bent-over-row-19c6551aa02980758c2dcfa839481992?pvs=21), Bent-over row (https://www.notion.so/Bent-over-row-19c6551aa029804da2b8e5777ff0c8ae?pvs=21)",4
Arm Day 27,166.6,"February 17, 2025 3:30 PM (EST)","RG lat pulldown(bf)(1x-14) (https://www.notion.so/RG-lat-pulldown-bf-1x-14-19d6551aa02980d3b2b3c5813e58dae3?pvs=21), Machine Lateral Raise (1x-14) (https://www.notion.so/Machine-Lateral-Raise-1x-14-19d6551aa02980ca8184e20ac2cd3c3a?pvs=21), Cable Tricep Pushdown(1x-6.8) (https://www.notion.so/Cable-Tricep-Pushdown-1x-6-8-19d6551aa0298094aca5d5f19e62d241?pvs=21), Strict Barbell Curl(into no strict) (https://www.notion.so/Strict-Barbell-Curl-into-no-strict-19d6551aa029803da348e26075312fd3?pvs=21)",8
Leg Day 27,165.8,"February 18, 2025 12:00 PM (EST)","Back squat (https://www.notion.so/Back-squat-19e6551aa02980b5a0f0c120a05e45fa?pvs=21), Back squat (https://www.notion.so/Back-squat-19e6551aa02980c9b112d88ae8f76d30?pvs=21)",3
Push Day 28,167.8,"February 19, 2025 1:00 AM (EST)","DB Press (1x-6) (https://www.notion.so/DB-Press-1x-6-19f6551aa029804eb251d81d59db49b0?pvs=21), SM Seated Shoulder Press (1x-10) (https://www.notion.so/SM-Seated-Shoulder-Press-1x-10-19f6551aa02980338c50d716ed8cdc8b?pvs=21), Machine Pec Fly (1x-20) (https://www.notion.so/Machine-Pec-Fly-1x-20-19f6551aa0298029875dfbd72f7bfd75?pvs=21)",7
Pull Day 28,166.6,"February 23, 2025 1:00 AM (EST)","NG Seated Cable Row (1x-14) (https://www.notion.so/NG-Seated-Cable-Row-1x-14-1a36551aa02980b4b842ec1f2298a4bf?pvs=21), Machine Pulldown (https://www.notion.so/Machine-Pulldown-1a36551aa0298033a938df653333b1f5?pvs=21), Cable Upright Row (1x-6.8) (https://www.notion.so/Cable-Upright-Row-1x-6-8-1a36551aa02980c297d2c3e278d803c0?pvs=21), Lat Pullover (https://www.notion.so/Lat-Pullover-1a36551aa029805fb14be21f78e54b9b?pvs=21), Pull Up(f) (https://www.notion.so/Pull-Up-f-1a36551aa029808dbb68ecd82cd20708?pvs=21)",7
Arm Day 28,166.4,"February 25, 2025 7:30 AM (EST)","Preacher Curl (https://www.notion.so/Preacher-Curl-1a56551aa02980f9b5ffdd091f0d0f10?pvs=21), DB Hammer Curl (https://www.notion.so/DB-Hammer-Curl-1a56551aa02980e792d1fff90b418221?pvs=21), Skullcrushers (https://www.notion.so/Skullcrushers-1a56551aa0298068b5d5cfea9bab59b1?pvs=21), DB Lateral Raise (https://www.notion.so/DB-Lateral-Raise-1a56551aa029800c9b73c97c2f8bcd51?pvs=21)",7
Leg Day 28,165,"February 26, 2025","Sled Press (https://www.notion.so/Sled-Press-1aa6551aa02980658580e87657088488?pvs=21), SM HR Squat (https://www.notion.so/SM-HR-Squat-1aa6551aa029809dba39c4c0d89ee585?pvs=21), SM HR Squat (https://www.notion.so/SM-HR-Squat-1aa6551aa029806dab60cb8515e4c4cd?pvs=21)",7
Push Day 29,166.6,"February 27, 2025 3:30 AM (EST)","Bench Press (https://www.notion.so/Bench-Press-1a76551aa02980e290d4c9b2a78b2c2c?pvs=21), Bench Press (https://www.notion.so/Bench-Press-1a76551aa02980df9e5ffe3967f000bb?pvs=21), DB Shoulder Press (https://www.notion.so/DB-Shoulder-Press-1a76551aa029807db124c7b9f7feecdc?pvs=21)",6
Pull Day 29,165.8,"February 28, 2025 7:30 AM (EST)","Gorilla Row (https://www.notion.so/Gorilla-Row-1a86551aa02980f097f6d0329ade920e?pvs=21), Bent-Over Row (https://www.notion.so/Bent-Over-Row-1a86551aa029806bb036c145ceb8838f?pvs=21), Pull Up (https://www.notion.so/Pull-Up-1a86551aa0298057a33be47ba4c5cd89?pvs=21), Assisted Pull up (https://www.notion.so/Assisted-Pull-up-1a86551aa02980ac8241dd5b5a9f60f3?pvs=21)",7
Arm Day 29,164.6,"March 7, 2025 6:00 AM (EST)","Incline DB Curl (https://www.notion.so/Incline-DB-Curl-1af6551aa0298049bb1ac6103b3da190?pvs=21), Standing DB Curl (https://www.notion.so/Standing-DB-Curl-1af6551aa02980c1b6c5f4ce0b48b32f?pvs=21), DB Shoulder Press (https://www.notion.so/DB-Shoulder-Press-1af6551aa0298088833fe144440626cb?pvs=21), DB Lateral Raise (https://www.notion.so/DB-Lateral-Raise-1af6551aa02980ee9f3bf8c069844de7?pvs=21), Overhead Cable Tricep Extension (https://www.notion.so/Overhead-Cable-Tricep-Extension-1af6551aa0298031940dea77d87caa7f?pvs=21)",7
Leg Day 29,164.2,"March 8, 2025 1:00 PM (EST)","Barbell RDL (https://www.notion.so/Barbell-RDL-1b06551aa02980e89e0bd8a44e773f1f?pvs=21), Hack Squat (https://www.notion.so/Hack-Squat-1b06551aa02980dbb60dd940d88c4f83?pvs=21), Leg Extension(3x-20) (https://www.notion.so/Leg-Extension-3x-20-1b06551aa029806395d9e3f551eee4a2?pvs=21), Leg Press(F) (https://www.notion.so/Leg-Press-F-1b06551aa02980d984cecec827b6a60b?pvs=21)",7
Push Day 30,165,"March 10, 2025 7:00 PM (EDT)","Incline DB Press(1x-6) (https://www.notion.so/Incline-DB-Press-1x-6-1b26551aa02980628c2ed69611f0f5c0?pvs=21), Machine Shoulder Press (https://www.notion.so/Machine-Shoulder-Press-1b36551aa029802cb695cb1a0d11aa19?pvs=21), Machine Shoulder Press(f) (https://www.notion.so/Machine-Shoulder-Press-f-1b36551aa029807984bbda1ce018736d?pvs=21), Machine Press (https://www.notion.so/Machine-Press-1b36551aa02980478471d642de4f63b9?pvs=21), Machine Press(f) (https://www.notion.so/Machine-Press-f-1b36551aa02980518a53f9346569f5d3?pvs=21)",8
Pull Day 30,166,"March 15, 2025 1:30 PM (EDT)","Lat Pulldown (1x-13) (https://www.notion.so/Lat-Pulldown-1x-13-1b76551aa0298021984cde0b66933575?pvs=21), WNG Lat Pulldown  (https://www.notion.so/WNG-Lat-Pulldown-1b76551aa0298098a4d0eeef8fd10ccd?pvs=21), Upright Row (https://www.notion.so/Upright-Row-1b86551aa02980288cf8cbdbc14b9018?pvs=21)",7
Arm Day 30,165.4,"March 16, 2025 7:30 PM (EDT)","Skullcrushers (https://www.notion.so/Skullcrushers-1b86551aa02980dbbe8cd850cd9ada80?pvs=21), EZ Curl (https://www.notion.so/EZ-Curl-1b96551aa02980fbb7cdc4fe1caf368f?pvs=21), Standing DB Curl (https://www.notion.so/Standing-DB-Curl-1b96551aa0298082b443d8db14a74f30?pvs=21)",7
Leg Day 30,165.8,"March 18, 2025 6:00 PM (EDT)","Back Squat (https://www.notion.so/Back-Squat-1ba6551aa0298015be61f43c6dc9382d?pvs=21), HR Back Squat (https://www.notion.so/HR-Back-Squat-1ba6551aa02980cf9a83c6d0a06f53b2?pvs=21), HR Back Squat(f) (https://www.notion.so/HR-Back-Squat-f-1ba6551aa02980a5aa92fffb149ad8ef?pvs=21), Good Morning (https://www.notion.so/Good-Morning-1ba6551aa02980278c4ffdcd2d43be98?pvs=21)",8
Push Day 31,166,"March 20, 2025 6:00 PM (EDT)","Bench Press (https://www.notion.so/Bench-Press-1bc6551aa0298068a85fff822cf3dc92?pvs=21), Bench Press (https://www.notion.so/Bench-Press-1bc6551aa029804594b5d99d347df359?pvs=21), Bench Press (https://www.notion.so/Bench-Press-1bc6551aa02980cda98ef0bd303569d1?pvs=21), DB Shoulder Press (https://www.notion.so/DB-Shoulder-Press-1bd6551aa02980dbbf81e28fa673cd5d?pvs=21)",7
Pull Day 31,167.2,"March 21, 2025 2:00 PM (EDT)","Bent-Over Row (https://www.notion.so/Bent-Over-Row-1bd6551aa029804b8330c2596a5dae4c?pvs=21), Pull Up (https://www.notion.so/Pull-Up-1bd6551aa029803ebfbbf32205333ba0?pvs=21), Bent-Over Row (https://www.notion.so/Bent-Over-Row-1bd6551aa02980c9b9b4e7728a65045c?pvs=21), Lat Pullover (https://www.notion.so/Lat-Pullover-1bd6551aa029802f80b5d66397d19aaa?pvs=21), CG Lat Pulldown (https://www.notion.so/CG-Lat-Pulldown-1bd6551aa0298042b66bd9e316cb62bc?pvs=21)",8
Arm Day 31,166,"March 28, 2025 4:30 AM (EDT)","RG lat pulldown (bf) (https://www.notion.so/RG-lat-pulldown-bf-1c46551aa0298043b82fd32a24da01b5?pvs=21), Cable Overhead Tricep ext (https://www.notion.so/Cable-Overhead-Tricep-ext-1c46551aa029808b8453cd5bc9e43f0e?pvs=21), Cable Lateral Raise (https://www.notion.so/Cable-Lateral-Raise-1c46551aa02980e18f2edfe2c2c23f5e?pvs=21)",6
Leg Day 31,165.2,"March 29, 2025 3:00 AM (EDT)",Barbell RDL (https://www.notion.so/Barbell-RDL-1c56551aa02980ada176f006b1e10a5b?pvs=21),2
Push Day 32,165.4,"April 7, 2025 10:00 AM (EDT)",Machine Press (https://www.notion.so/Machine-Press-1ce6551aa02980f19d2bf795b6e3846a?pvs=21),2
Pull Day 32,166.6,"April 10, 2025 9:30 AM (EDT)",WG Lat Pulldown (https://www.notion.so/WG-Lat-Pulldown-1d16551aa029807aa3f8c266bb3fda5f?pvs=21),2
Arm Day 32,165.2,"April 18, 2025 4:00 PM (EDT)","DB Shoulder Press (https://www.notion.so/DB-Shoulder-Press-1d96551aa02980b6af27c8f737aba399?pvs=21), RG Lat Pulldown (https://www.notion.so/RG-Lat-Pulldown-1d96551aa0298036b7cff03360fda242?pvs=21)",2
Leg Day 32,165.2,"May 2, 2025 5:00 PM (EDT)","Sled Press (https://www.notion.so/Sled-Press-1e76551aa029804a99a2daf3ddad1883?pvs=21), SM HR Squat (https://www.notion.so/SM-HR-Squat-1e76551aa02980278e61c05b701a89c8?pvs=21), Leg Press (https://www.notion.so/Leg-Press-1e96551aa02980e8a930cde57f90cd04?pvs=21)",6
Push Day 33,168,"May 4, 2025 3:00 PM (EDT)","SM Incline Bench Press (https://www.notion.so/SM-Incline-Bench-Press-1e96551aa02980f3b36cf6a9fd420d5b?pvs=21), DB Shoulder Press (https://www.notion.so/DB-Shoulder-Press-1e96551aa0298070baa8da783e1e4c9e?pvs=21)",5
Pull Day 33,165,"May 7, 2025 5:00 PM (EDT)","Seated Machine Row (https://www.notion.so/Seated-Machine-Row-1ec6551aa029805c859ffa74d22ae93f?pvs=21), NG Lat Pulldown (https://www.notion.so/NG-Lat-Pulldown-1ec6551aa02980ed8e88ff30d63a6bb7?pvs=21)",5
Arm Day 33,164,"May 9, 2025 5:00 PM (EDT)",Skullcrushers (https://www.notion.so/Skullcrushers-1ee6551aa0298018bf06fb2dd1c23471?pvs=21),3
Leg Day 33,164,"May 13, 2025 5:00 PM (EDT)","Barbell RDL (https://www.notion.so/Barbell-RDL-1f36551aa02980c18f9dc8c17ecc1fd7?pvs=21), Barbell RDL(f) (https://www.notion.so/Barbell-RDL-f-1f36551aa0298025a5b6d8ef3cb90229?pvs=21), Hack Squat (https://www.notion.so/Hack-Squat-1f36551aa0298080a24aee269b84c92b?pvs=21)",6
Push Day 34,165,"May 14, 2025 10:30 AM (EDT)","Bench Press (https://www.notion.so/Bench-Press-1f36551aa02980578319c91f7e6d17ce?pvs=21), Bench Press(f) (https://www.notion.so/Bench-Press-f-1f36551aa0298025a61fc9bbbbd0d4ad?pvs=21), DB Shoulder Press (1x-4) (https://www.notion.so/DB-Shoulder-Press-1x-4-1f36551aa02980f2af68fa38af280f98?pvs=21), Machine Converging Chest Press (https://www.notion.so/Machine-Converging-Chest-Press-1f36551aa029802b8b9fde5af3d16c65?pvs=21)",7
Pull Day 34,163.5,"May 15, 2025 1:00 PM (EDT)","Bent-Over Row (https://www.notion.so/Bent-Over-Row-1f46551aa0298038840df2894b8ac85f?pvs=21), Bent-Over Row(f) (https://www.notion.so/Bent-Over-Row-f-1f46551aa0298049b3d7d7e14adedd21?pvs=21), WG Lat Pulldown (https://www.notion.so/WG-Lat-Pulldown-1f46551aa029804896d9d0cdcf1a43be?pvs=21), Upright Row (https://www.notion.so/Upright-Row-1f46551aa0298029bf96ea5939c757cf?pvs=21), DB High Pull (https://www.notion.so/DB-High-Pull-1f46551aa02980579be8ddca6239bf8b?pvs=21)",7
,,,,